{
  "raw_delta_rel_max": 0.3333333332222222,
  "recomputed_delta_rel_max": 0.3333333332222222,
  "recomputed_delta_n_max": 1.0,
  "mismatch_count": 0
}