label,score
HIP_90988_b,0.006389
HD_42012_b,0.005113
HD_4313_b,0.004348
