method,masked_cells,mean_feature_mae,mean_feature_rmse,median_feature_relative_abs_error
iterative,1743,53.724797884619335,133.73208747107662,0.04955786357610185
knn,1743,105.51554437443289,277.3436080547896,0.30526867330423113
median,1743,143.81931466454313,412.6232915200841,0.6283185840707963
